Tanggal,Harga
2021-03-01,91071.0
2021-03-02,93348.0
2021-03-03,95626.0
2021-03-04,97904.0
2021-03-05,100182.0
2021-03-06,102460.0
2021-03-07,104430.0
2021-03-08,101420.0
2021-03-09,106620.0
2021-03-10,104440.0
2021-03-11,110480.0
2021-03-12,77500.0
2021-03-13,109800.0
2021-03-14,109600.0
2021-03-15,113010.0
2021-03-16,113120.0
2021-03-17,116950.0
2021-03-18,114170.0
2021-03-19,114620.0
2021-03-20,115060.0
2021-03-21,115020.0
2021-03-22,116010.0
2021-03-23,115510.0
2021-03-24,120210.0
2021-03-25,119730.0
2021-03-26,117870.0
2021-03-27,117680.0
2021-03-28,117650.0
2021-03-29,111830.0
2021-03-30,107560.0
2021-03-31,100950.0
2021-04-01,99570.0
2021-04-02,96700.0
2021-04-03,96980.0
2021-04-04,93910.0
2021-04-05,86150.0
2021-04-06,81220.0
2021-04-07,80170.0
2021-04-08,78850.0
2021-04-09,79120.0
2021-04-10,78970.0
2021-04-11,79700.0
2021-04-12,75480.0
2021-04-13,75180.0
2021-04-14,74770.0
2021-04-15,75010.0
2021-04-16,74760.0
2021-04-17,74270.0
2021-04-18,72130.0
2021-04-19,65290.0
2021-04-20,62900.0
2021-04-21,60410.0
2021-04-22,55750.0
2021-04-23,53710.0
2021-04-24,53000.0
2021-04-25,52900.0
2021-04-26,52040.0
2021-04-27,53000.0
2021-04-28,54330.0
2021-04-29,52960.0
2021-04-30,53170.0
2021-05-01,53490.0
2021-05-02,52390.0
2021-05-03,54400.0
2021-05-04,55750.0
2021-05-05,55640.0
2021-05-06,56460.0
2021-05-07,56790.0
2021-05-08,55150.0
2021-05-09,56910.0
2021-05-10,61030.0
2021-05-11,61420.0
2021-05-12,62370.0
2021-05-13,63470.0
2021-05-14,62870.0
2021-05-15,63220.0
2021-05-16,61800.0
2021-05-17,57710.0
2021-05-18,55970.0
2021-05-19,52660.0
2021-05-20,51860.0
2021-05-21,50390.0
2021-05-22,49200.0
2021-05-23,50240.0
2021-05-24,47360.0
2021-05-25,46070.0
2021-05-26,44750.0
2021-05-27,43340.0
2021-05-28,43380.0
2021-05-29,42630.0
2021-05-30,43080.0
2021-05-31,39500.0
2021-06-01,38920.0
2021-06-02,38360.0
2021-06-03,39320.0
2021-06-04,39220.0
2021-06-05,39470.0
2021-06-06,39220.0
2021-06-07,38630.0
2021-06-08,39010.0
2021-06-09,38730.0
2021-06-10,38960.0
2021-06-11,38840.0
2021-06-12,38840.0
2021-06-13,38760.0
2021-06-14,39210.0
2021-06-15,37940.0
2021-06-16,36940.0
2021-06-17,37210.0
2021-06-18,37230.0
2021-06-19,36480.0
2021-06-20,38180.0
2021-06-21,38760.0
2021-06-22,40540.0
2021-06-23,40640.0
2021-06-24,42390.0
2021-06-25,42910.0
2021-06-26,44120.0
2021-06-27,43590.0
2021-06-28,45090.0
2021-06-29,44600.0
2021-06-30,45930.0
2021-07-01,47770.0
2021-07-02,48290.0
2021-07-03,48920.0
2021-07-04,47590.0
2021-07-05,48100.0
2021-07-06,48800.0
2021-07-07,50360.0
2021-07-08,51760.0
2021-07-09,52070.0
2021-07-10,52180.0
2021-07-11,53550.0
2021-07-12,56490.0
2021-07-13,57850.0
2021-07-14,57600.0
2021-07-15,58730.0
2021-07-16,58440.0
2021-07-17,59730.0
2021-07-18,60580.0
2021-07-19,60260.0
2021-07-20,60300.0
2021-07-21,59750.0
2021-07-22,59900.0
2021-07-23,58870.0
2021-07-24,58720.0
2021-07-25,57560.0
2021-07-26,55170.0
2021-07-27,56290.0
2021-07-28,55310.0
2021-07-29,55200.0
2021-07-30,53910.0
2021-07-31,53390.0
2021-08-01,51500.0
2021-08-02,49300.0
2021-08-03,47180.0
2021-08-04,46830.0
2021-08-05,46250.0
2021-08-06,46140.0
2021-08-07,44820.0
2021-08-08,44080.0
2021-08-09,40780.0
2021-08-10,40100.0
2021-08-11,39530.0
2021-08-12,38470.0
2021-08-13,37150.0
2021-08-14,36140.0
2021-08-15,36030.0
2021-08-16,33710.0
2021-08-17,34050.0
2021-08-18,32130.0
2021-08-19,30870.0
2021-08-20,32050.0
2021-08-21,30850.0
2021-08-22,31130.0
2021-08-23,28580.0
2021-08-24,28330.0
2021-08-25,27880.0
2021-08-26,27150.0
2021-08-27,29350.0
2021-08-28,26870.0
2021-08-29,26160.0
2021-08-30,26490.0
2021-08-31,25950.0
2021-09-01,25600.0
2021-09-02,25650.0
2021-09-03,25860.0
2021-09-04,25540.0
2021-09-05,25620.0
2021-09-06,24750.0
2021-09-07,25680.0
2021-09-08,25010.0
2021-09-09,25040.0
2021-09-10,24950.0
2021-09-11,24560.0
2021-09-12,24770.0
2021-09-13,25190.0
2021-09-14,25340.0
2021-09-15,25150.0
2021-09-16,24960.0
2021-09-17,24800.0
2021-09-18,25040.0
2021-09-19,24760.0
2021-09-20,25690.0
2021-09-21,25590.0
2021-09-22,25630.0
2021-09-23,26050.0
2021-09-24,25910.0
2021-09-25,25960.0
2021-09-26,26120.0
2021-09-27,26130.0
2021-09-28,26430.0
2021-09-29,26210.0
2021-09-30,26390.0
2021-10-01,26370.0
2021-10-02,26180.0
2021-10-03,26510.0
2021-10-04,28530.0
2021-10-05,27060.0
2021-10-06,27070.0
2021-10-07,27630.0
2021-10-08,28290.0
2021-10-09,28230.0
2021-10-10,28160.0
2021-10-11,29170.0
2021-10-12,28800.0
2021-10-13,28430.0
2021-10-14,28340.0
2021-10-15,28480.0
2021-10-16,28510.0
2021-10-17,28380.0
2021-10-18,28620.0
2021-10-19,29000.0
2021-10-20,28750.0
2021-10-21,28990.0
2021-10-22,29140.0
2021-10-23,29260.0
2021-10-24,29150.0
2021-10-25,28410.0
2021-10-26,28030.0
2021-10-27,27880.0
2021-10-28,28230.0
2021-10-29,28130.0
2021-10-30,28110.0
2021-10-31,28190.0
2021-11-01,28050.0
2021-11-02,28110.0
2021-11-03,28270.0
2021-11-04,28210.0
2021-11-05,28640.0
2021-11-06,28050.0
2021-11-07,27870.0
2021-11-08,27240.0
2021-11-09,27010.0
2021-11-10,27080.0
2021-11-11,27070.0
2021-11-12,27160.0
2021-11-13,27030.0
2021-11-14,26740.0
2021-11-15,26040.0
2021-11-16,26250.0
2021-11-17,26690.0
2021-11-18,27570.0
2021-11-19,27330.0
2021-11-20,27070.0
2021-11-21,27980.0
2021-11-22,28460.0
2021-11-23,30760.0
2021-11-24,28910.0
2021-11-25,29410.0
2021-11-26,30580.0
2021-11-27,31340.0
2021-11-28,30690.0
2021-11-29,32560.0
2021-11-30,34350.0
2021-12-01,36410.0
2021-12-02,37350.0
2021-12-03,38790.0
2021-12-04,39750.0
2021-12-05,41540.0
2021-12-06,49420.0
2021-12-07,53850.0
2021-12-08,54470.0
2021-12-09,58750.0
2021-12-10,59440.0
2021-12-11,62480.0
2021-12-12,66450.0
2021-12-13,69710.0
2021-12-14,71780.0
2021-12-15,74150.0
2021-12-16,74550.0
2021-12-17,75500.0
2021-12-18,76540.0
2021-12-19,78450.0
2021-12-20,77590.0
2021-12-21,81430.0
2021-12-22,81120.0
2021-12-23,84170.0
2021-12-24,88560.0
2021-12-25,87780.0
2021-12-26,90170.0
2021-12-27,92050.0
2021-12-28,94520.0
2021-12-29,95420.0
2021-12-30,96880.0
2021-12-31,91950.0
2022-01-01,91430.0
2022-01-02,93530.0
2022-01-03,86060.0
2022-01-04,88960.0
2022-01-05,87970.0
2022-01-06,83590.0
2022-01-07,80480.0
2022-01-08,77700.0
2022-01-09,73870.0
2022-01-10,66350.0
2022-01-11,64330.0
2022-01-12,59820.0
2022-01-13,56420.0
2022-01-14,53930.0
2022-01-15,53040.0
2022-01-16,52340.0
2022-01-17,51620.0
2022-01-18,52620.0
2022-01-19,51350.0
2022-01-20,49860.0
2022-01-21,48070.0
2022-01-22,48220.0
2022-01-23,48250.0
2022-01-24,43720.0
2022-01-25,42200.0
2022-01-26,40540.0
2022-01-27,40020.0
2022-01-28,38540.0
2022-01-29,38360.0
2022-01-30,38260.0
2022-01-31,36560.0
2022-02-01,36100.0
2022-02-02,35970.0
2022-02-03,34520.0
2022-02-04,34950.0
2022-02-05,35140.0
2022-02-06,35390.0
2022-02-07,37370.0
2022-02-08,39960.0
2022-02-09,39900.0
2022-02-10,39780.0
2022-02-11,39850.0
2022-02-12,39960.0
2022-02-13,40400.0
2022-02-14,41650.0
2022-02-15,41310.0
2022-02-16,41520.0
2022-02-17,41500.0
2022-02-18,42410.0
2022-02-19,42370.0
2022-02-20,42130.0
2022-02-21,44410.0
2022-02-22,44830.0
2022-02-23,45620.0
2022-02-24,46980.0
2022-02-25,49030.0
2022-02-26,49960.0
2022-02-27,50230.0
2022-02-28,50750.0
2022-03-01,52340.0
2022-03-02,55380.0
2022-03-03,56410.0
2022-03-04,58330.0
2022-03-05,59040.0
2022-03-06,60700.0
2022-03-07,62250.0
2022-03-08,64340.0
2022-03-09,64940.0
2022-03-10,65090.0
2022-03-11,66790.0
2022-03-12,68140.0
2022-03-13,65790.0
2022-03-14,65150.0
2022-03-15,65150.0
2022-03-16,64740.0
2022-03-17,61920.0
2022-03-18,61050.0
2022-03-19,61150.0
2022-03-20,61660.0
2022-03-21,58490.0
2022-03-22,56380.0
2022-03-23,55070.0
2022-03-24,55390.0
2022-03-25,55080.0
2022-03-26,54570.0
2022-03-27,54730.0
2022-03-28,52240.0
2022-03-29,53150.0
2022-03-30,52830.0
2022-03-31,53570.0
2022-04-01,55210.0
2022-04-02,54640.0
2022-04-03,54430.0
2022-04-04,54490.0
2022-04-05,55560.0
2022-04-06,55240.0
2022-04-07,53970.0
2022-04-08,51110.0
2022-04-09,50650.0
2022-04-10,50920.0
2022-04-11,46480.0
2022-04-12,44160.0
2022-04-13,43300.0
2022-04-14,41150.0
2022-04-15,39520.0
2022-04-16,38980.0
2022-04-17,38570.0
2022-04-18,37480.0
2022-04-19,37130.0
2022-04-20,36910.0
2022-04-21,36820.0
2022-04-22,34710.0
2022-04-23,34700.0
2022-04-24,35200.0
2022-04-25,37300.0
2022-04-26,38220.0
2022-04-27,39230.0
2022-04-28,39220.0
2022-04-29,41580.0
2022-04-30,44440.0
2022-05-01,45120.0
2022-05-02,47190.0
2022-05-03,47210.0
2022-05-04,46750.0
2022-05-05,46550.0
2022-05-06,46320.0
2022-05-07,45290.0
2022-05-08,43890.0
2022-05-09,41000.0
2022-05-10,40330.0
2022-05-11,40050.0
2022-05-12,39380.0
2022-05-13,38420.0
2022-05-14,38040.0
2022-05-15,38350.0
2022-05-16,37710.0
2022-05-17,40850.0
2022-05-18,41580.0
2022-05-19,43650.0
2022-05-20,44180.0
2022-05-21,45170.0
2022-05-22,46380.0
2022-05-23,47650.0
2022-05-24,48960.0
2022-05-25,51400.0
2022-05-26,51760.0
2022-05-27,51610.0
2022-05-28,54320.0
2022-05-29,54410.0
2022-05-30,57550.0
2022-05-31,58940.0
2022-06-01,61690.0
2022-06-02,63150.0
2022-06-03,65690.0
2022-06-04,68630.0
2022-06-05,72290.0
2022-06-06,75020.0
2022-06-07,80690.0
2022-06-08,85420.0
2022-06-09,86250.0
2022-06-10,
2022-06-11,
2022-06-12,
2022-06-13,
2022-06-14,
2022-06-15,
2022-06-16,
2022-06-17,
2022-06-18,
2022-06-19,
2022-06-20,
2022-06-21,
2022-06-22,
2022-06-23,
2022-06-24,
2022-06-25,
2022-06-26,
2022-06-27,
2022-06-28,
2022-06-29,
2022-06-30,
2022-07-01,
2022-07-02,
2022-07-03,
2022-07-04,
2022-07-05,
2022-07-06,
2022-07-07,
2022-07-08,
2022-07-09,
2022-07-10,
2022-07-11,
2022-07-12,
2022-07-13,
2022-07-14,92550.0
2022-07-15,97990.0
2022-07-16,94850.0
2022-07-17,93790.0
2022-07-18,86390.0
2022-07-19,86730.0
2022-07-20,84830.0
2022-07-21,81100.0
2022-07-22,78220.0
2022-07-23,74610.0
2022-07-24,75220.0
2022-07-25,74650.0
2022-07-26,72440.0
2022-07-27,72060.0
2022-07-28,71860.0
2022-07-29,71000.0
2022-07-30,69240.0
2022-07-31,70490.0
2022-08-01,70200.0
2022-08-02,68190.0
2022-08-03,69010.0
2022-08-04,67960.0
2022-08-05,66070.0
2022-08-06,68100.0
2022-08-07,67030.0
2022-08-08,65840.0
2022-08-09,65650.0
2022-08-10,63540.0
2022-08-11,63180.0
2022-08-12,61210.0
2022-08-13,60740.0
2022-08-14,60710.0
2022-08-15,55380.0
2022-08-16,55870.0
2022-08-17,57530.0
2022-08-18,54920.0
2022-08-19,54160.0
2022-08-20,55510.0
2022-08-21,54340.0
2022-08-22,52290.0
2022-08-23,51040.0
2022-08-24,50920.0
2022-08-25,48470.0
2022-08-26,48050.0
2022-08-27,47920.0
2022-08-28,49490.0
2022-08-29,48090.0
2022-08-30,46070.0
2022-08-31,49700.0
2022-09-01,50650.0
2022-09-02,51190.0
2022-09-03,52000.0
2022-09-04,52100.0
2022-09-05,54940.0
2022-09-06,57130.0
2022-09-07,57920.0
2022-09-08,58540.0
2022-09-09,58090.0
2022-09-10,59100.0
2022-09-11,59290.0
2022-09-12,59150.0
2022-09-13,58470.0
2022-09-14,58360.0
2022-09-15,58910.0
2022-09-16,60300.0
2022-09-17,62140.0
2022-09-18,62870.0
2022-09-19,64590.0
2022-09-20,66560.0
2022-09-21,66620.0
2022-09-22,65660.0
2022-09-23,64350.0
2022-09-24,62510.0
2022-09-25,63020.0
2022-09-26,62700.0
2022-09-27,61950.0
2022-09-28,61430.0
2022-09-29,60520.0
2022-09-30,60600.0
2022-10-01,60010.0
2022-10-02,59920.0
2022-10-03,60120.0
2022-10-04,59470.0
2022-10-05,59110.0
2022-10-06,59160.0
2022-10-07,58540.0
2022-10-08,58380.0
2022-10-09,57720.0
2022-10-10,58440.0
2022-10-11,58500.0
2022-10-12,56760.0
2022-10-13,57140.0
2022-10-14,56320.0
2022-10-15,57110.0
2022-10-16,57420.0
2022-10-17,53050.0
2022-10-18,52420.0
2022-10-19,51860.0
2022-10-20,50870.0
2022-10-21,49470.0
2022-10-22,48330.0
2022-10-23,47950.0
2022-10-24,48170.0
2022-10-25,47400.0
2022-10-26,44500.0
2022-10-27,44150.0
2022-10-28,45420.0
2022-10-29,44590.0
2022-10-30,45650.0
2022-10-31,43130.0
2022-11-01,42580.0
2022-11-02,42160.0
2022-11-03,41650.0
2022-11-04,41330.0
2022-11-05,43040.0
2022-11-06,41790.0
2022-11-07,41190.0
2022-11-08,41220.0
2022-11-09,39440.0
2022-11-10,39730.0
2022-11-11,40000.0
2022-11-12,38880.0
2022-11-13,40500.0
2022-11-14,38820.0
2022-11-15,38340.0
2022-11-16,38300.0
2022-11-17,39240.0
2022-11-18,39730.0
2022-11-19,40460.0
2022-11-20,40220.0
2022-11-21,41950.0
2022-11-22,41360.0
2022-11-23,41810.0
2022-11-24,42110.0
2022-11-25,42200.0
2022-11-26,41710.0
2022-11-27,40990.0
2022-11-28,40670.0
2022-11-29,40910.0
2022-11-30,41220.0
2022-12-01,40920.0
2022-12-02,41010.0
2022-12-03,40860.0
2022-12-04,42190.0
2022-12-05,44920.0
2022-12-06,46710.0
2022-12-07,48510.0
2022-12-08,48580.0
2022-12-09,51240.0
2022-12-10,51500.0
2022-12-11,51530.0
2022-12-12,51500.0
2022-12-13,51540.0
2022-12-14,51550.0
2022-12-15,51230.0
2022-12-16,50950.0
2022-12-17,50820.0
2022-12-18,49390.0
2022-12-19,48990.0
2022-12-20,49320.0
2022-12-21,46870.0
2022-12-22,46850.0
2022-12-23,46840.0
2022-12-24,47660.0
2022-12-25,47480.0
2022-12-26,49410.0
2022-12-27,50770.0
2022-12-28,52260.0
2022-12-29,50450.0
2022-12-30,51310.0
2022-12-31,56680.0
2023-01-01,91430.0
2023-01-02,93530.0
2023-01-03,86060.0
2023-01-04,88960.0
2023-01-05,87970.0
2023-01-06,83590.0
2023-01-07,80480.0
2023-01-08,77700.0
2023-01-09,73870.0
2023-01-10,66350.0
2023-01-11,64330.0
2023-01-12,59820.0
2023-01-13,56420.0
2023-01-14,53930.0
2023-01-15,53040.0
2023-01-16,52340.0
2023-01-17,51620.0
2023-01-18,52620.0
2023-01-19,51350.0
2023-01-20,49860.0
2023-01-21,48070.0
2023-01-22,48220.0
2023-01-23,48250.0
2023-01-24,43720.0
2023-01-25,42200.0
2023-01-26,40540.0
2023-01-27,40020.0
2023-01-28,38540.0
2023-01-29,38360.0
2023-01-30,38260.0
2023-01-31,36560.0
2023-02-01,56860.0
2023-02-02,57740.0
2023-02-03,56960.0
2023-02-04,55270.0
2023-02-05,58090.0
2023-02-06,59320.0
2023-02-07,58840.0
2023-02-08,58910.0
2023-02-09,59120.0
2023-02-10,58950.0
2023-02-11,58790.0
2023-02-12,59840.0
2023-02-13,60800.0
2023-02-14,60040.0
2023-02-15,63110.0
2023-02-16,63290.0
2023-02-17,63830.0
2023-02-18,63870.0
2023-02-19,62940.0
2023-02-20,67780.0
2023-02-21,69300.0
2023-02-22,68360.0
2023-02-23,68170.0
2023-02-24,68630.0
2023-02-25,68970.0
2023-02-26,68970.0
2023-02-27,66290.0
2023-02-28,66830.0
2023-03-01,67290.0
2023-03-02,66400.0
2023-03-03,66250.0
2023-03-04,65390.0
2023-03-05,66970.0
2023-03-06,68600.0
2023-03-07,69490.0
2023-03-08,70430.0
2023-03-09,68850.0
2023-03-10,68860.0
2023-03-11,70060.0
2023-03-12,70190.0
2023-03-13,71080.0
2023-03-14,70520.0
2023-03-15,71840.0
2023-03-16,71170.0
2023-03-17,73600.0
2023-03-18,73620.0
2023-03-19,73640.0
2023-03-20,76860.0
2023-03-21,79480.0
2023-03-22,79620.0
2023-03-23,78860.0
2023-03-24,77400.0
2023-03-25,77860.0
2023-03-26,78040.0
2023-03-27,74550.0
2023-03-28,67140.0
2023-03-29,62880.0
2023-03-30,57640.0
2023-03-31,57350.0
2023-04-01,57870.0
2023-04-02,58150.0
2023-04-03,54840.0
2023-04-04,53330.0
2023-04-05,50960.0
2023-04-06,49820.0
2023-04-07,49300.0
2023-04-08,49750.0
2023-04-09,47200.0
2023-04-10,44400.0
2023-04-11,42570.0
2023-04-12,42580.0
2023-04-13,42270.0
2023-04-14,41510.0
2023-04-15,41250.0
2023-04-16,41350.0
2023-04-17,42630.0
2023-04-18,44980.0
2023-04-19,45490.0
2023-04-20,43390.0
2023-04-21,47760.0
2023-04-22,46820.0
2023-04-23,46000.0
2023-04-24,47970.0
2023-04-25,44900.0
2023-04-26,43590.0
2023-04-27,41620.0
2023-04-28,38810.0
2023-04-29,38020.0
2023-04-30,38240.0
2023-05-01,36610.0
2023-05-02,37340.0
2023-05-03,35400.0
2023-05-04,35560.0
2023-05-05,35990.0
2023-05-06,34870.0
2023-05-07,34050.0
2023-05-08,35360.0
2023-05-09,34960.0
2023-05-10,35240.0
2023-05-11,35520.0
2023-05-12,36360.0
2023-05-13,36440.0
2023-05-14,36270.0
2023-05-15,35080.0
2023-05-16,36320.0
2023-05-17,36340.0
2023-05-18,36530.0
2023-05-19,36640.0
2023-05-20,37720.0
2023-05-21,37730.0
2023-05-22,40890.0
2023-05-23,43190.0
2023-05-24,42990.0
2023-05-25,42930.0
2023-05-26,42900.0
2023-05-27,43270.0
2023-05-28,42630.0
2023-05-29,43060.0
2023-05-30,42400.0
2023-05-31,43870.0
2023-06-01,41970.0
2023-06-02,42450.0
2023-06-03,43550.0
2023-06-04,43360.0
2023-06-05,44210.0
2023-06-06,45060.0
2023-06-07,45030.0
2023-06-08,44520.0
2023-06-09,44360.0
2023-06-10,44420.0
2023-06-11,44320.0
2023-06-12,44200.0
2023-06-13,43090.0
2023-06-14,43610.0
2023-06-15,42330.0
2023-06-16,42530.0
2023-06-17,42220.0
2023-06-18,42700.0
2023-06-19,40800.0
2023-06-20,40650.0
2023-06-21,40470.0
2023-06-22,39260.0
2023-06-23,39280.0
2023-06-24,39560.0
2023-06-25,40160.0
2023-06-26,39650.0
2023-06-27,40570.0
2023-06-28,40390.0
2023-06-29,40450.0
2023-06-30,41010.0
2023-07-01,43170.0
2023-07-02,40650.0
2023-07-03,39800.0
2023-07-04,38690.0
2023-07-05,38640.0
2023-07-06,37550.0
2023-07-07,36830.0
2023-07-08,36180.0
2023-07-09,37350.0
2023-07-10,37090.0
2023-07-11,36150.0
2023-07-12,35130.0
2023-07-13,35090.0
2023-07-14,34670.0
2023-07-15,34350.0
2023-07-16,34320.0
2023-07-17,34590.0
2023-07-18,34420.0
2023-07-19,34380.0
2023-07-20,34150.0
2023-07-21,35080.0
2023-07-22,34200.0
2023-07-23,35230.0
2023-07-24,35160.0
2023-07-25,35190.0
2023-07-26,35440.0
2023-07-27,36260.0
2023-07-28,35960.0
2023-07-29,35680.0
2023-07-30,35890.0
2023-07-31,38420.0
2023-08-01,38630.0
2023-08-02,39290.0
2023-08-03,39650.0
2023-08-04,42580.0
2023-08-05,40460.0
2023-08-06,40090.0
2023-08-07,41230.0
2023-08-08,41970.0
2023-08-09,41910.0
2023-08-10,42370.0
2023-08-11,41990.0
2023-08-12,42170.0
2023-08-13,43080.0
2023-08-14,43570.0
2023-08-15,42260.0
2023-08-16,42630.0
2023-08-17,42660.0
2023-08-18,44840.0
2023-08-19,43510.0
2023-08-20,44170.0
2023-08-21,45130.0
2023-08-22,46710.0
2023-08-23,45930.0
2023-08-24,44540.0
2023-08-25,45820.0
2023-08-26,45060.0
2023-08-27,45060.0
2023-08-28,43260.0
2023-08-29,43060.0
2023-08-30,41890.0
2023-08-31,40710.0
2023-09-01,41290.0
2023-09-02,40020.0
2023-09-03,39100.0
2023-09-04,39510.0
2023-09-05,38240.0
2023-09-06,36550.0
2023-09-07,37880.0
2023-09-08,37210.0
2023-09-09,36580.0
2023-09-10,36800.0
2023-09-11,36410.0
2023-09-12,36280.0
2023-09-13,35800.0
2023-09-14,35580.0
2023-09-15,34380.0
2023-09-16,34350.0
2023-09-17,35250.0
2023-09-18,34400.0
2023-09-19,33510.0
2023-09-20,33800.0
2023-09-21,36730.0
2023-09-22,33190.0
2023-09-23,32350.0
2023-09-24,33350.0
2023-09-25,35680.0
2023-09-26,36900.0
2023-09-27,36800.0
2023-09-28,37070.0
2023-09-29,36500.0
2023-09-30,37110.0
2023-10-01,36920.0
2023-10-02,39260.0
2023-10-03,40740.0
2023-10-04,40050.0
2023-10-05,39860.0
2023-10-06,40670.0
2023-10-07,40620.0
2023-10-08,41690.0
2023-10-09,43330.0
2023-10-10,43930.0
2023-10-11,44010.0
2023-10-12,44440.0
2023-10-13,45390.0
2023-10-14,45410.0
2023-10-15,45840.0
2023-10-16,48900.0
2023-10-17,49610.0
2023-10-18,51010.0
2023-10-19,52500.0
2023-10-20,51510.0
2023-10-21,53570.0
2023-10-22,54570.0
2023-10-23,60040.0
2023-10-24,62840.0
2023-10-25,64390.0
2023-10-26,65740.0
2023-10-27,67880.0
2023-10-28,69030.0
2023-10-29,69090.0
2023-10-30,74480.0
2023-10-31,77590.0
2023-11-01,78720.0
2023-11-02,77940.0
2023-11-03,79200.0
2023-11-04,79720.0
2023-11-05,81890.0
2023-11-06,83790.0
2023-11-07,82290.0
2023-11-08,82430.0
2023-11-09,81620.0
2023-11-10,83330.0
2023-11-11,82670.0
2023-11-12,83600.0
2023-11-13,83830.0
2023-11-14,84100.0
2023-11-15,82290.0
2023-11-16,83710.0
2023-11-17,84430.0
2023-11-18,85000.0
2023-11-19,78630.0
2023-11-20,88820.0
2023-11-21,91440.0
2023-11-22,90170.0
2023-11-23,95180.0
2023-11-24,93900.0
2023-11-25,83970.0
2023-11-26,90840.0
2023-11-27,91930.0
2023-11-28,90390.0
2023-11-29,90080.0
2023-11-30,90850.0
2023-12-01,90590.0
2023-12-02,91200.0
2023-12-03,92160.0
2023-12-04,92870.0
2023-12-05,95090.0
2023-12-06,95270.0
2023-12-07,95860.0
2023-12-08,95130.0
2023-12-09,95410.0
2023-12-10,95370.0
2023-12-11,94950.0
2023-12-12,92890.0
2023-12-13,93870.0
2023-12-14,92360.0
2023-12-15,90680.0
2023-12-16,91030.0
2023-12-17,90190.0
2023-12-18,86810.0
2023-12-19,82430.0
2023-12-20,81230.0
2023-12-21,81010.0
2023-12-22,80240.0
2023-12-23,79610.0
2023-12-24,79590.0
2023-12-25,81260.0
2023-12-26,81260.0
2023-12-27,82110.0
2023-12-28,80800.0
2023-12-29,82130.0
2023-12-30,80600.0
2023-12-31,79900.0
2024-01-01,80540.0
2024-01-02,78710.0
2024-01-03,81540.0
2024-01-04,79860.0
2024-01-05,78280.0
2024-01-06,76820.0
2024-01-07,76270.0
2024-01-08,71290.0
2024-01-09,66750.0
2024-01-10,66800.0
2024-01-11,65790.0
2024-01-12,61600.0
2024-01-13,57560.0
2024-01-14,58660.0
2024-01-15,54180.0
2024-01-16,55190.0
2024-01-17,55310.0
2024-01-18,53640.0
2024-01-19,51700.0
2024-01-20,51460.0
2024-01-21,52520.0
2024-01-22,50230.0
2024-01-23,49600.0
2024-01-24,49220.0
2024-01-25,47850.0
2024-01-26,48360.0
2024-01-27,46710.0
2024-01-28,48950.0
2024-01-29,47500.0
2024-01-30,47500.0
2024-01-31,47330.0
2024-02-01,48060.0
2024-02-02,46930.0
2024-02-03,45600.0
2024-02-04,46610.0
2024-02-05,46910.0
2024-02-06,46760.0
2024-02-07,45830.0
2024-02-08,45770.0
2024-02-09,38810.0
2024-02-10,48800.0
2024-02-11,49690.0
2024-02-12,49610.0
2024-02-13,51250.0
2024-02-14,51380.0
2024-02-15,53930.0
2024-02-16,60110.0
2024-02-17,63960.0
2024-02-18,67030.0
2024-02-19,65790.0
2024-02-20,66580.0
2024-02-21,69530.0
2024-02-22,71990.0
2024-02-23,75690.0
2024-02-24,76330.0
2024-02-25,75810.0
2024-02-26,73950.0
2024-02-27,73540.0
2024-02-28,73770.0
2024-02-29,73740.0
2024-03-01,71970.0
2024-03-02,72870.0
2024-03-03,72500.0
2024-03-04,71560.0
2024-03-05,70500.0
2024-03-06,68570.0
2024-03-07,69570.0
2024-03-08,69260.0
2024-03-09,69550.0
2024-03-10,69570.0
2024-03-11,69370.0
2024-03-12,68540.0
2024-03-13,70010.0
2024-03-14,70680.0
2024-03-15,67280.0
2024-03-16,66240.0
2024-03-17,65050.0
2024-03-18,59770.0
2024-03-19,57570.0
2024-03-20,56410.0
2024-03-21,51830.0
2024-03-22,49470.0
2024-03-23,48650.0
2024-03-24,48510.0
2024-03-25,45370.0
2024-03-26,43700.0
2024-03-27,44080.0
2024-03-28,42610.0
2024-03-29,41700.0
2024-03-30,40540.0
2024-03-31,42150.0
2024-04-01,43190.0
2024-04-02,42620.0
2024-04-03,42040.0
2024-04-04,43930.0
2024-04-05,44010.0
2024-04-06,44510.0
2024-04-07,49970.0
2024-04-08,59090.0
2024-04-09,61050.0
2024-04-10,
2024-04-11,51970.0
2024-04-12,58540.0
2024-04-13,54390.0
2024-04-14,53180.0
2024-04-15,49000.0
2024-04-16,43420.0
2024-04-17,42470.0
2024-04-18,41190.0
2024-04-19,40070.0
2024-04-20,40440.0
2024-04-21,40780.0
2024-04-22,43590.0
2024-04-23,42800.0
2024-04-24,42170.0
2024-04-25,40790.0
2024-04-26,41600.0
2024-04-27,41520.0
2024-04-28,42400.0
2024-04-29,43220.0
2024-04-30,42900.0
2024-05-01,42310.0
2024-05-02,41770.0
2024-05-03,41910.0
2024-05-04,40820.0
2024-05-05,41230.0
2024-05-06,38920.0
2024-05-07,38230.0
2024-05-08,37940.0
2024-05-09,36310.0
2024-05-10,34850.0
2024-05-11,35010.0
2024-05-12,35550.0
2024-05-13,35010.0
2024-05-14,34620.0
2024-05-15,34030.0
2024-05-16,33600.0
2024-05-17,34990.0
2024-05-18,34080.0
2024-05-19,34410.0
2024-05-20,35230.0
2024-05-21,34710.0
2024-05-22,34750.0
2024-05-23,35250.0
2024-05-24,34770.0
2024-05-25,34760.0
2024-05-26,35290.0
2024-05-27,35840.0
2024-05-28,35730.0
2024-05-29,36450.0
2024-05-30,36880.0
2024-05-31,37620.0
