Date,Harga,Predictions
2021-03-01,91071.0,
2021-03-02,93348.0,
2021-03-03,95626.0,
2021-03-04,97904.0,
2021-03-05,100182.0,
2021-03-06,102460.0,
2021-03-07,104430.0,
2021-03-08,101420.0,
2021-03-09,106620.0,
2021-03-10,104440.0,
2021-03-11,110480.0,104507.9453125
2021-03-12,77500.0,104371.3671875
2021-03-13,109800.0,105654.875
2021-03-14,109600.0,104165.5390625
2021-03-15,113010.0,114370.6953125
2021-03-16,113120.0,108959.90625
2021-03-17,116950.0,114738.34375
2021-03-18,114170.0,111133.140625
2021-03-19,114620.0,115125.8984375
2021-03-20,115060.0,111435.390625
2021-03-21,115020.0,112594.8984375
2021-03-22,116010.0,111632.59375
2021-03-23,115510.0,113159.1796875
2021-03-24,120210.0,113575.265625
2021-03-25,119730.0,113927.90625
2021-03-26,117870.0,116969.484375
2021-03-27,117680.0,116530.1796875
2021-03-28,117650.0,116309.765625
2021-03-29,111830.0,115518.140625
2021-03-30,107560.0,114958.234375
2021-03-31,100950.0,109189.2421875
2021-04-01,99570.0,100993.546875
2021-04-02,96700.0,95521.0390625
2021-04-03,96980.0,93578.8203125
2021-04-04,93910.0,94957.3125
2021-04-05,86150.0,92694.1328125
2021-04-06,81220.0,85721.390625
2021-04-07,80170.0,79411.046875
2021-04-08,78850.0,77778.65625
2021-04-09,79120.0,76860.9375
2021-04-10,78970.0,78415.875
2021-04-11,79700.0,78750.1640625
2021-04-12,75480.0,80520.9765625
2021-04-13,75180.0,75538.046875
2021-04-14,74770.0,75738.1640625
2021-04-15,75010.0,74388.7265625
2021-04-16,74760.0,75229.1015625
2021-04-17,74270.0,74890.5390625
2021-04-18,72130.0,74662.03125
2021-04-19,65290.0,71892.421875
2021-04-20,62900.0,62626.33984375
2021-04-21,60410.0,60755.80859375
2021-04-22,55750.0,58184.96875
2021-04-23,53710.0,54085.1171875
2021-04-24,53000.0,52910.5234375
2021-04-25,52900.0,52178.0078125
2021-04-26,52040.0,52241.45703125
2021-04-27,53000.0,51558.19140625
2021-04-28,54330.0,52936.1953125
2021-04-29,52960.0,54593.3359375
2021-04-30,53170.0,52616.2578125
2021-05-01,53490.0,53591.6171875
2021-05-02,52390.0,53720.79296875
2021-05-03,54400.0,51852.01953125
2021-05-04,55750.0,55633.9453125
2021-05-05,55640.0,56385.31640625
2021-05-06,56460.0,55836.37109375
2021-05-07,56790.0,57422.60546875
2021-05-08,55150.0,57431.30078125
2021-05-09,56910.0,54585.9375
2021-05-10,61030.0,58383.0234375
2021-05-11,61420.0,63623.11328125
2021-05-12,62370.0,61941.58203125
2021-05-13,63470.0,63987.25390625
2021-05-14,62870.0,65109.515625
2021-05-15,63220.0,63592.35546875
2021-05-16,61800.0,64202.546875
2021-05-17,57710.0,61145.09765625
2021-05-18,55970.0,55089.5
2021-05-19,52660.0,54667.65234375
2021-05-20,51860.0,50933.64453125
2021-05-21,50390.0,51263.5390625
2021-05-22,49200.0,49549.83203125
2021-05-23,50240.0,48677.90234375
2021-05-24,47360.0,49941.9140625
2021-05-25,46070.0,46864.35546875
2021-05-26,44750.0,45878.0390625
2021-05-27,43340.0,44287.5546875
2021-05-28,43380.0,42850.03125
2021-05-29,42630.0,42936.703125
2021-05-30,43080.0,42096.88671875
2021-05-31,39500.0,42801.6484375
2021-06-01,38920.0,38941.21484375
2021-06-02,38360.0,38598.41015625
2021-06-03,39320.0,37804.2578125
2021-06-04,39220.0,38880.671875
2021-06-05,39470.0,38786.0234375
2021-06-06,39220.0,39202.328125
2021-06-07,38630.0,39012.23046875
2021-06-08,39010.0,38396.6640625
2021-06-09,38730.0,38822.2890625
2021-06-10,38960.0,38371.171875
2021-06-11,38840.0,38653.47265625
2021-06-12,38840.0,38494.515625
2021-06-13,38760.0,38543.53515625
2021-06-14,39210.0,38456.82421875
2021-06-15,37940.0,38995.625
2021-06-16,36940.0,37492.2890625
2021-06-17,37210.0,36430.01953125
2021-06-18,37230.0,36735.1171875
2021-06-19,36480.0,36749.75
2021-06-20,38180.0,36002.6796875
2021-06-21,38760.0,37891.37890625
2021-06-22,40540.0,38599.9921875
2021-06-23,40640.0,40758.015625
2021-06-24,42390.0,40776.8203125
2021-06-25,42910.0,42907.28515625
2021-06-26,44120.0,43201.6796875
2021-06-27,43590.0,44655.07421875
2021-06-28,45090.0,43538.6171875
2021-06-29,44600.0,45758.8984375
2021-06-30,45930.0,44498.77734375
2021-07-01,47770.0,46574.671875
2021-07-02,48290.0,48669.76171875
2021-07-03,48920.0,48731.10546875
2021-07-04,47590.0,49576.59765625
2021-07-05,48100.0,47396.87890625
2021-07-06,48800.0,48742.01171875
2021-07-07,50360.0,49309.64453125
2021-07-08,51760.0,51278.203125
2021-07-09,52070.0,52614.234375
2021-07-10,52180.0,52582.8828125
2021-07-11,53550.0,52805.0234375
2021-07-12,56490.0,54928.41796875
2021-07-13,57850.0,58716.5078125
2021-07-14,57600.0,59208.328125
2021-07-15,58730.0,58490.78125
2021-07-16,58440.0,60471.2421875
2021-07-17,59730.0,59070.03125
2021-07-18,60580.0,61231.5703125
2021-07-19,60260.0,61439.28515625
2021-07-20,60300.0,60478.40625
2021-07-21,59750.0,60734.17578125
2021-07-22,59900.0,59670.84765625
2021-07-23,58870.0,60197.6171875
2021-07-24,58720.0,58243.3828125
2021-07-25,57560.0,58701.6015625
2021-07-26,55170.0,56798.1640625
2021-07-27,56290.0,53991.328125
2021-07-28,55310.0,56745.25
2021-07-29,55200.0,54444.98828125
2021-07-30,53910.0,55099.13671875
2021-07-31,53390.0,53193.421875
2021-08-01,51500.0,53155.05859375
2021-08-02,49300.0,50602.68359375
2021-08-03,47180.0,48431.2578125
2021-08-04,46830.0,46322.15625
2021-08-05,46250.0,46296.078125
2021-08-06,46140.0,45638.9296875
2021-08-07,44820.0,45721.05078125
2021-08-08,44080.0,44364.35546875
2021-08-09,40780.0,43791.05859375
2021-08-10,40100.0,40227.36328125
2021-08-11,39530.0,39692.51171875
2021-08-12,38470.0,38902.51171875
2021-08-13,37150.0,37850.578125
2021-08-14,36140.0,36632.359375
2021-08-15,36030.0,35687.3203125
2021-08-16,33710.0,35558.69921875
2021-08-17,34050.0,33426.17578125
2021-08-18,32130.0,33461.12109375
2021-08-19,30870.0,31691.81640625
2021-08-20,32050.0,30392.826171875
2021-08-21,30850.0,31167.28515625
2021-08-22,31130.0,30419.119140625
2021-08-23,28580.0,30576.345703125
2021-08-24,28330.0,28571.111328125
2021-08-25,27880.0,27808.12109375
2021-08-26,27150.0,27228.638671875
2021-08-27,29350.0,26579.861328125
2021-08-28,26870.0,28207.267578125
2021-08-29,26160.0,26936.376953125
2021-08-30,26490.0,25954.576171875
2021-08-31,25950.0,25835.095703125
2021-09-01,25600.0,25471.740234375
2021-09-02,25650.0,25085.001953125
2021-09-03,25860.0,25031.474609375
2021-09-04,25540.0,25235.408203125
2021-09-05,25620.0,25135.6171875
2021-09-06,24750.0,25196.90625
2021-09-07,25680.0,24549.404296875
2021-09-08,25010.0,24971.876953125
2021-09-09,25040.0,24710.4921875
2021-09-10,24950.0,24606.369140625
2021-09-11,24560.0,24508.658203125
2021-09-12,24770.0,24197.787109375
2021-09-13,25190.0,24230.119140625
2021-09-14,25340.0,24589.5390625
2021-09-15,25150.0,24885.130859375
2021-09-16,24960.0,24857.16015625
2021-09-17,24800.0,24689.146484375
2021-09-18,25040.0,24467.693359375
2021-09-19,24760.0,24550.61328125
2021-09-20,25690.0,24392.46484375
2021-09-21,25590.0,25019.091796875
2021-09-22,25630.0,25243.744140625
2021-09-23,26050.0,25347.8671875
2021-09-24,25910.0,25677.232421875
2021-09-25,25960.0,25685.94140625
2021-09-26,26120.0,25685.947265625
2021-09-27,26130.0,25778.89453125
2021-09-28,26430.0,25811.494140625
2021-09-29,26210.0,26036.037109375
2021-09-30,26390.0,25960.580078125
2021-10-01,26370.0,26040.0390625
2021-10-02,26180.0,26049.083984375
2021-10-03,26510.0,25900.9765625
2021-10-04,28530.0,26079.302734375
2021-10-05,27060.0,27756.388671875
2021-10-06,27070.0,27253.93359375
2021-10-07,27630.0,26977.177734375
2021-10-08,28290.0,27258.2265625
2021-10-09,28230.0,27878.970703125
2021-10-10,28160.0,28042.673828125
2021-10-11,29170.0,27999.763671875
2021-10-12,28800.0,28760.193359375
2021-10-13,28430.0,28704.388671875
2021-10-14,28340.0,28361.873046875
2021-10-15,28480.0,28095.845703125
2021-10-16,28510.0,28105.380859375
2021-10-17,28380.0,28144.373046875
2021-10-18,28620.0,28064.609375
2021-10-19,29000.0,28231.552734375
2021-10-20,28750.0,28608.6875
2021-10-21,28990.0,28548.14453125
2021-10-22,29140.0,28698.259765625
2021-10-23,29260.0,28851.0078125
2021-10-24,29150.0,28988.064453125
2021-10-25,28410.0,28926.08984375
2021-10-26,28030.0,28282.779296875
2021-10-27,27880.0,27741.763671875
2021-10-28,28230.0,27446.30859375
2021-10-29,28130.0,27662.66015625
2021-10-30,28110.0,27701.4921875
2021-10-31,28190.0,27735.505859375
2021-11-01,28050.0,27831.07421875
2021-11-02,28110.0,27766.107421875
2021-11-03,28270.0,27787.552734375
2021-11-04,28210.0,27913.779296875
2021-11-05,28640.0,27910.0078125
2021-11-06,28050.0,28252.26953125
2021-11-07,27870.0,27900.1171875
2021-11-08,27240.0,27612.29296875
2021-11-09,27010.0,27003.953125
2021-11-10,27080.0,26608.361328125
2021-11-11,27070.0,26545.83984375
2021-11-12,27160.0,26566.572265625
2021-11-13,27030.0,26689.486328125
2021-11-14,26740.0,26666.623046875
2021-11-15,26040.0,26451.947265625
2021-11-16,26250.0,25826.734375
2021-11-17,26690.0,25741.76171875
2021-11-18,27570.0,26084.64453125
2021-11-19,27330.0,26952.91015625
2021-11-20,27070.0,27122.59765625
2021-11-21,27980.0,26952.23828125
2021-11-22,28460.0,27561.845703125
2021-11-23,30760.0,28156.21875
2021-11-24,28910.0,30243.017578125
2021-11-25,29410.0,29340.1875
2021-11-26,30580.0,29347.703125
2021-11-27,31340.0,30243.009765625
2021-11-28,30690.0,31132.939453125
2021-11-29,32560.0,30754.486328125
2021-11-30,34350.0,32246.46484375
2021-12-01,36410.0,34214.67578125
2021-12-02,37350.0,36626.3359375
2021-12-03,38790.0,37852.07421875
2021-12-04,39750.0,39364.125
2021-12-05,41540.0,40278.0234375
2021-12-06,49420.0,42229.4375
2021-12-07,53850.0,52282.74609375
2021-12-08,54470.0,55041.59375
2021-12-09,58750.0,54767.5703125
2021-12-10,59440.0,60792.62109375
2021-12-11,62480.0,61300.6796875
2021-12-12,66450.0,65665.7578125
2021-12-13,69710.0,69377.65625
2021-12-14,71780.0,72094.0703125
2021-12-15,74150.0,73945.296875
2021-12-16,74550.0,76397.40625
2021-12-17,75500.0,76523.5546875
2021-12-18,76540.0,77366.03125
2021-12-19,78450.0,78036.0859375
2021-12-20,77590.0,79776.453125
2021-12-21,81430.0,78832.8671875
2021-12-22,81120.0,82756.9453125
2021-12-23,84170.0,82341.2109375
2021-12-24,88560.0,85168.9921875
2021-12-25,87780.0,88280.9921875
2021-12-26,90170.0,88698.453125
2021-12-27,92050.0,90084.5
2021-12-28,94520.0,91561.796875
2021-12-29,95420.0,93153.234375
2021-12-30,96880.0,94478.9375
2021-12-31,91950.0,95522.9375
2022-01-01,91430.0,94693.6015625
2022-01-02,93530.0,92365.96875
2022-01-03,86060.0,92711.859375
2022-01-04,88960.0,88893.15625
2022-01-05,87970.0,88506.140625
2022-01-06,83590.0,87876.546875
2022-01-07,80480.0,84110.046875
2022-01-08,77700.0,79736.8125
2022-01-09,73870.0,75973.21875
2022-01-10,66350.0,71366.3515625
2022-01-11,64330.0,63273.41796875
2022-01-12,59820.0,62727.0390625
2022-01-13,56420.0,58033.71875
2022-01-14,53930.0,55455.828125
2022-01-15,53040.0,52992.30078125
2022-01-16,52340.0,52178.18359375
2022-01-17,51620.0,51621.046875
2022-01-18,52620.0,51156.5390625
2022-01-19,51350.0,52444.01953125
2022-01-20,49860.0,50959.2421875
2022-01-21,48070.0,49556.3125
2022-01-22,48220.0,47472.0390625
2022-01-23,48250.0,48027.33984375
2022-01-24,43720.0,47807.73828125
2022-01-25,42200.0,42380.0546875
2022-01-26,40540.0,41715.3984375
2022-01-27,40020.0,39928.27734375
2022-01-28,38540.0,39537.1640625
2022-01-29,38360.0,38056.265625
2022-01-30,38260.0,37895.5546875
2022-01-31,36560.0,37863.703125
2022-02-01,36100.0,36401.84765625
2022-02-02,35970.0,35807.03515625
2022-02-03,34520.0,35493.484375
2022-02-04,34950.0,34086.93359375
2022-02-05,35140.0,34393.5390625
2022-02-06,35390.0,34637.91796875
2022-02-07,37370.0,34997.359375
2022-02-08,39960.0,37153.08203125
2022-02-09,39900.0,40229.1328125
2022-02-10,39780.0,40217.69140625
2022-02-11,39850.0,39984.1484375
2022-02-12,39960.0,39907.8828125
2022-02-13,40400.0,39881.640625
2022-02-14,41650.0,40301.3046875
2022-02-15,41310.0,41749.52734375
2022-02-16,41520.0,41055.015625
2022-02-17,41500.0,41431.83203125
2022-02-18,42410.0,41373.390625
2022-02-19,42370.0,42537.10546875
2022-02-20,42130.0,42238.40625
2022-02-21,44410.0,41917.7421875
2022-02-22,44830.0,45045.85546875
2022-02-23,45620.0,44985.08203125
2022-02-24,46980.0,46027.640625
2022-02-25,49030.0,47698.3125
2022-02-26,49960.0,50186.4765625
2022-02-27,50230.0,50772.63671875
2022-02-28,50750.0,50970.3359375
2022-03-01,52340.0,51737.1875
2022-03-02,55380.0,53888.5859375
2022-03-03,56410.0,57631.19140625
2022-03-04,58330.0,57643.25390625
2022-03-05,59040.0,60410.42578125
2022-03-06,60700.0,60617.0078125
2022-03-07,62250.0,62929.13671875
2022-03-08,64340.0,64234.359375
2022-03-09,64940.0,66569.2890625
2022-03-10,65090.0,66385.765625
2022-03-11,66790.0,66358.03125
2022-03-12,68140.0,68635.015625
2022-03-13,65790.0,69614.4375
2022-03-14,65150.0,65524.6875
2022-03-15,65150.0,65233.1953125
2022-03-16,64740.0,64979.5
2022-03-17,61920.0,64413.0625
2022-03-18,61050.0,60271.9609375
2022-03-19,61150.0,60522.03515625
2022-03-20,61660.0,60891.69140625
2022-03-21,58490.0,61805.28515625
2022-03-22,56380.0,57052.828125
2022-03-23,55070.0,55663.1640625
2022-03-24,55390.0,54379.0703125
2022-03-25,55080.0,55208.421875
2022-03-26,54570.0,54531.21875
2022-03-27,54730.0,54159.203125
2022-03-28,52240.0,54677.06640625
2022-03-29,53150.0,51326.02734375
2022-03-30,52830.0,53611.05859375
2022-03-31,53570.0,52348.28515625
2022-04-01,55210.0,53819.5859375
2022-04-02,54640.0,55906.90625
2022-04-03,54430.0,54455.390625
2022-04-04,54490.0,54710.875
2022-04-05,55560.0,54781.14453125
2022-04-06,55240.0,56386.84375
2022-04-07,53970.0,55093.18359375
2022-04-08,51110.0,53389.109375
2022-04-09,50650.0,49608.78125
2022-04-10,50920.0,50300.61328125
2022-04-11,46480.0,50529.390625
2022-04-12,44160.0,44808.4375
2022-04-13,43300.0,43552.84765625
2022-04-14,41150.0,42741.95703125
2022-04-15,39520.0,40769.6875
2022-04-16,38980.0,39260.984375
2022-04-17,38570.0,38591.1875
2022-04-18,37480.0,38205.6328125
2022-04-19,37130.0,37302.1171875
2022-04-20,36910.0,36887.7109375
2022-04-21,36820.0,36538.765625
2022-04-22,34710.0,36456.9375
2022-04-23,34700.0,34396.46484375
2022-04-24,35200.0,34183.35546875
2022-04-25,37300.0,34622.20703125
2022-04-26,38220.0,36912.8203125
2022-04-27,39230.0,38159.88671875
2022-04-28,39220.0,39419.0859375
2022-04-29,41580.0,39377.765625
2022-04-30,44440.0,42175.31640625
2022-05-01,45120.0,45454.1640625
2022-05-02,47190.0,45644.25390625
2022-05-03,47210.0,48229.58984375
2022-05-04,46750.0,47617.23046875
2022-05-05,46550.0,47078.88671875
2022-05-06,46320.0,46908.51953125
2022-05-07,45290.0,46426.45703125
2022-05-08,43890.0,44701.71484375
2022-05-09,41000.0,42991.87109375
2022-05-10,40330.0,39671.87109375
2022-05-11,40050.0,39631.79296875
2022-05-12,39380.0,39374.71484375
2022-05-13,38420.0,38769.6015625
2022-05-14,38040.0,37914.50390625
2022-05-15,38350.0,37634.49609375
2022-05-16,37710.0,38015.66796875
2022-05-17,40850.0,37394.8671875
2022-05-18,41580.0,40947.94921875
2022-05-19,43650.0,41697.5
2022-05-20,44180.0,44315.98046875
2022-05-21,45170.0,44609.51953125
2022-05-22,46380.0,45790.1328125
2022-05-23,47650.0,47130.08203125
2022-05-24,48960.0,48503.40234375
2022-05-25,51400.0,49916.47265625
2022-05-26,51760.0,52991.05859375
2022-05-27,51610.0,52560.42578125
2022-05-28,54320.0,52447.49609375
2022-05-29,54410.0,56703.8828125
2022-05-30,57550.0,55225.12109375
2022-05-31,58940.0,60249.83203125
2022-06-01,61690.0,60448.32421875
2022-06-02,63150.0,64276.6953125
2022-06-03,65690.0,65099.40625
2022-06-04,68630.0,68365.0859375
2022-06-05,72290.0,71208.234375
2022-06-06,75020.0,74845.578125
2022-06-07,80690.0,77088.3046875
2022-06-08,85420.0,82295.5078125
2022-06-09,86250.0,85574.3046875
2022-06-10,86430.0,86732.1015625
2022-06-11,86610.0,87242.59375
2022-06-12,86790.0,87322.03125
2022-06-13,86970.0,87295.890625
2022-06-14,87150.0,87340.796875
2022-06-15,87330.0,87506.140625
2022-06-16,87510.0,87782.9375
2022-06-17,87690.0,88098.9140625
2022-06-18,87870.0,88336.078125
2022-06-19,88050.0,88511.6953125
2022-06-20,88230.0,88679.0
2022-06-21,88410.0,88846.1328125
2022-06-22,88590.0,89013.0703125
2022-06-23,88770.0,89179.8515625
2022-06-24,88950.0,89346.4375
2022-06-25,89130.0,89512.8828125
2022-06-26,89310.0,89679.1640625
2022-06-27,89490.0,89845.296875
2022-06-28,89670.0,90011.28125
2022-06-29,89850.0,90177.125
2022-06-30,90030.0,90342.828125
2022-07-01,90210.0,90508.40625
2022-07-02,90390.0,90673.84375
2022-07-03,90570.0,90839.15625
2022-07-04,90750.0,91004.359375
2022-07-05,90930.0,91169.4375
2022-07-06,91110.0,91334.4140625
2022-07-07,91290.0,91499.2734375
2022-07-08,91470.0,91664.03125
2022-07-09,91650.0,91828.703125
2022-07-10,91830.0,91993.28125
2022-07-11,92010.0,92157.7578125
2022-07-12,92190.0,92322.1484375
2022-07-13,92370.0,92486.453125
2022-07-14,92550.0,92650.6796875
2022-07-15,97990.0,92814.828125
2022-07-16,94850.0,95485.796875
2022-07-17,93790.0,96340.8671875
2022-07-18,86390.0,94832.859375
2022-07-19,86730.0,90837.3359375
2022-07-20,84830.0,86696.9140625
2022-07-21,81100.0,83695.765625
2022-07-22,78220.0,79562.1484375
2022-07-23,74610.0,76191.125
2022-07-24,75220.0,72685.875
2022-07-25,74650.0,74817.8984375
2022-07-26,72440.0,73922.140625
2022-07-27,72060.0,71891.6015625
2022-07-28,71860.0,72160.9296875
2022-07-29,71000.0,72034.609375
2022-07-30,69240.0,71053.59375
2022-07-31,70490.0,68758.328125
2022-08-01,70200.0,71349.28125
2022-08-02,68190.0,70190.703125
2022-08-03,69010.0,67779.015625
2022-08-04,67960.0,69776.140625
2022-08-05,66070.0,67533.8203125
2022-08-06,68100.0,65402.7421875
2022-08-07,67030.0,69379.9609375
2022-08-08,65840.0,66478.8828125
2022-08-09,65650.0,65725.828125
2022-08-10,63540.0,65740.4765625
2022-08-11,63180.0,62515.140625
2022-08-12,61210.0,63068.4609375
2022-08-13,60740.0,59972.5859375
2022-08-14,60710.0,60484.6171875
2022-08-15,55380.0,60448.76171875
2022-08-16,55870.0,53380.62109375
2022-08-17,57530.0,56177.39453125
2022-08-18,54920.0,57523.0625
2022-08-19,54160.0,53759.11328125
2022-08-20,55510.0,53936.4921875
2022-08-21,54340.0,55831.03515625
2022-08-22,52290.0,53718.6171875
2022-08-23,51040.0,51562.34375
2022-08-24,50920.0,50459.27734375
2022-08-25,48470.0,50546.6484375
2022-08-26,48050.0,47359.4375
2022-08-27,47920.0,47654.046875
2022-08-28,49490.0,47388.20703125
2022-08-29,48090.0,49588.90234375
2022-08-30,46070.0,47500.44140625
2022-08-31,49700.0,45481.77734375
2022-09-01,50650.0,51059.04296875
2022-09-02,51190.0,50901.00390625
2022-09-03,52000.0,51692.27734375
2022-09-04,52100.0,52782.6875
2022-09-05,54940.0,52689.16015625
2022-09-06,57130.0,57178.16796875
2022-09-07,57920.0,58845.5703125
2022-09-08,58540.0,59249.73828125
2022-09-09,58090.0,60038.5390625
2022-09-10,59100.0,58930.66015625
2022-09-11,59290.0,60566.28125
2022-09-12,59150.0,59792.24609375
2022-09-13,58470.0,59356.6875
2022-09-14,58360.0,58158.1796875
2022-09-15,58910.0,58407.9140625
2022-09-16,60300.0,59259.0234375
2022-09-17,62140.0,61196.671875
2022-09-18,62870.0,63446.3359375
2022-09-19,64590.0,63803.7890625
2022-09-20,66560.0,66452.25
2022-09-21,66620.0,68522.5546875
2022-09-22,65660.0,67797.4453125
2022-09-23,64350.0,66269.6875
2022-09-24,62510.0,64105.62109375
2022-09-25,63020.0,61254.86328125
2022-09-26,62700.0,62997.515625
2022-09-27,61950.0,62075.54296875
2022-09-28,61430.0,61525.06640625
2022-09-29,60520.0,61239.5
2022-09-30,60600.0,60183.90625
2022-10-01,60010.0,60781.6484375
2022-10-02,59920.0,59694.91796875
2022-10-03,60120.0,59977.66796875
2022-10-04,59470.0,60264.19921875
2022-10-05,59110.0,59247.08203125
2022-10-06,59160.0,59109.94140625
2022-10-07,58540.0,59275.06640625
2022-10-08,58380.0,58253.73828125
2022-10-09,57720.0,58383.296875
2022-10-10,58440.0,57361.015625
2022-10-11,58500.0,58902.04296875
2022-10-12,56760.0,58491.37890625
2022-10-13,57140.0,55994.25390625
2022-10-14,56320.0,57518.3359375
2022-10-15,57110.0,55747.515625
2022-10-16,57420.0,57583.95703125
2022-10-17,53050.0,57442.66796875
2022-10-18,52420.0,51102.08203125
2022-10-19,51860.0,52279.1484375
2022-10-20,50870.0,51189.1953125
2022-10-21,49470.0,50141.40234375
2022-10-22,48330.0,48653.94140625
2022-10-23,47950.0,47723.31640625
2022-10-24,48170.0,47539.2265625
2022-10-25,47400.0,47923.97265625
2022-10-26,44500.0,46962.390625
2022-10-27,44150.0,43610.6640625
2022-10-28,45420.0,43836.25
2022-10-29,44590.0,45315.01171875
2022-10-30,45650.0,44041.60546875
2022-10-31,43130.0,45719.5546875
2022-11-01,42580.0,42306.72265625
2022-11-02,42160.0,42307.59765625
2022-11-03,41650.0,41770.515625
2022-11-04,41330.0,41159.6875
2022-11-05,43040.0,40789.80859375
2022-11-06,41790.0,43049.09765625
2022-11-07,41190.0,41342.0546875
2022-11-08,41220.0,40906.86328125
2022-11-09,39440.0,41014.45703125
2022-11-10,39730.0,38783.16796875
2022-11-11,40000.0,39354.19140625
2022-11-12,38880.0,39584.55859375
2022-11-13,40500.0,38311.40625
2022-11-14,38820.0,40382.515625
2022-11-15,38340.0,38377.76171875
2022-11-16,38300.0,37972.66015625
2022-11-17,39240.0,37902.56640625
2022-11-18,39730.0,38992.41015625
2022-11-19,40460.0,39509.296875
2022-11-20,40220.0,40408.49609375
2022-11-21,41950.0,40081.15234375
2022-11-22,41360.0,42266.1640625
2022-11-23,41810.0,41241.0703125
2022-11-24,42110.0,41859.74609375
2022-11-25,42200.0,42081.57421875
2022-11-26,41710.0,42103.296875
2022-11-27,40990.0,41406.15234375
2022-11-28,40670.0,40550.23046875
2022-11-29,40910.0,40260.03515625
2022-11-30,41220.0,40595.3359375
2022-12-01,40920.0,40961.15234375
2022-12-02,41010.0,40564.25
2022-12-03,40860.0,40778.1171875
2022-12-04,42190.0,40607.40234375
2022-12-05,44920.0,42323.2421875
2022-12-06,46710.0,45667.734375
2022-12-07,48510.0,47443.5703125
2022-12-08,48580.0,49450.05859375
2022-12-09,51240.0,49080.359375
2022-12-10,51500.0,53071.0234375
2022-12-11,51530.0,52386.8359375
2022-12-12,51500.0,52520.015625
2022-12-13,51540.0,52316.40625
2022-12-14,51550.0,52106.71875
2022-12-15,51230.0,51797.84765625
2022-12-16,50950.0,51088.69921875
2022-12-17,50820.0,50746.66796875
2022-12-18,49390.0,50641.4375
2022-12-19,48990.0,48583.28515625
2022-12-20,49320.0,48669.96875
2022-12-21,46870.0,49174.0703125
2022-12-22,46850.0,45671.47265625
2022-12-23,46840.0,46622.91015625
2022-12-24,47660.0,46434.33984375
2022-12-25,47480.0,47656.1640625
2022-12-26,49410.0,47212.83203125
2022-12-27,50770.0,50179.03125
2022-12-28,52260.0,51463.171875
2022-12-29,50450.0,53343.65625
2022-12-30,51310.0,50144.1796875
2022-12-31,56680.0,52473.46484375
2023-01-01,91430.0,60244.40234375
2023-01-02,93530.0,96207.9765625
2023-01-03,86060.0,84800.34375
2023-01-04,88960.0,86439.6953125
2023-01-05,87970.0,88371.9453125
2023-01-06,83590.0,87340.6796875
2023-01-07,80480.0,83801.3671875
2023-01-08,77700.0,79745.4296875
2023-01-09,73870.0,75154.78125
2023-01-10,66350.0,70206.8828125
2023-01-11,64330.0,63273.4140625
2023-01-12,59820.0,62727.0390625
2023-01-13,56420.0,58033.71875
2023-01-14,53930.0,55455.828125
2023-01-15,53040.0,52992.30078125
2023-01-16,52340.0,52178.18359375
2023-01-17,51620.0,51621.046875
2023-01-18,52620.0,51156.5390625
2023-01-19,51350.0,52444.01953125
2023-01-20,49860.0,50959.2421875
2023-01-21,48070.0,49556.3125
2023-01-22,48220.0,47472.0390625
2023-01-23,48250.0,48027.33984375
2023-01-24,43720.0,47807.73828125
2023-01-25,42200.0,42380.0546875
2023-01-26,40540.0,41715.3984375
2023-01-27,40020.0,39928.27734375
2023-01-28,38540.0,39537.1640625
2023-01-29,38360.0,38056.265625
2023-01-30,38260.0,37895.5546875
2023-01-31,36560.0,37863.703125
2023-02-01,56860.0,36401.84765625
2023-02-02,57740.0,62184.6015625
2023-02-03,56960.0,57192.03515625
2023-02-04,55270.0,57179.37890625
2023-02-05,58090.0,56842.26171875
2023-02-06,59320.0,61764.83984375
2023-02-07,58840.0,61787.3671875
2023-02-08,58910.0,60003.58984375
2023-02-09,59120.0,59459.75
2023-02-10,58950.0,59325.9296875
2023-02-11,58790.0,59151.31640625
2023-02-12,59840.0,58884.8125
2023-02-13,60800.0,60592.69921875
2023-02-14,60040.0,61458.9140625
2023-02-15,63110.0,59925.27734375
2023-02-16,63290.0,65589.3046875
2023-02-17,63830.0,63701.1171875
2023-02-18,63870.0,65076.328125
2023-02-19,62940.0,64550.12109375
2023-02-20,67780.0,62966.1640625
2023-02-21,69300.0,71307.296875
2023-02-22,68360.0,70378.609375
2023-02-23,68170.0,69317.359375
2023-02-24,68630.0,69238.890625
2023-02-25,68970.0,69623.2890625
2023-02-26,68970.0,69641.734375
2023-02-27,66290.0,69365.8203125
2023-02-28,66830.0,65163.40234375
2023-03-01,67290.0,67210.5234375
2023-03-02,66400.0,67373.4453125
2023-03-03,66250.0,66159.5390625
2023-03-04,65390.0,66440.09375
2023-03-05,66970.0,65118.7890625
2023-03-06,68600.0,68240.9921875
2023-03-07,69490.0,69748.921875
2023-03-08,70430.0,70695.0234375
2023-03-09,68850.0,71859.9296875
2023-03-10,68860.0,69242.0390625
2023-03-11,70060.0,69669.5546875
2023-03-12,70190.0,70937.796875
2023-03-13,71080.0,70652.453125
2023-03-14,70520.0,72082.4609375
2023-03-15,71840.0,70939.5078125
2023-03-16,71170.0,73245.0234375
2023-03-17,73600.0,71594.9609375
2023-03-18,73620.0,75470.9296875
2023-03-19,73640.0,74426.734375
2023-03-20,76860.0,74830.2421875
2023-03-21,79480.0,78685.75
2023-03-22,79620.0,80903.3828125
2023-03-23,78860.0,81142.609375
2023-03-24,77400.0,80549.9609375
2023-03-25,77860.0,78788.984375
2023-03-26,78040.0,78735.0234375
2023-03-27,74550.0,78542.9453125
2023-03-28,67140.0,74396.03125
2023-03-29,62880.0,64204.45703125
2023-03-30,57640.0,59166.6328125
2023-03-31,57350.0,54887.46875
2023-04-01,57870.0,56382.2734375
2023-04-02,58150.0,56593.2578125
2023-04-03,54840.0,57364.59765625
2023-04-04,53330.0,54154.27734375
2023-04-05,50960.0,53149.48046875
2023-04-06,49820.0,50362.1640625
2023-04-07,49300.0,49384.93359375
2023-04-08,49750.0,48700.24609375
2023-04-09,47200.0,49325.6953125
2023-04-10,44400.0,46462.1796875
2023-04-11,42570.0,44028.4921875
2023-04-12,42580.0,42226.34765625
2023-04-13,42270.0,42147.84765625
2023-04-14,41510.0,41728.984375
2023-04-15,41250.0,41025.70703125
2023-04-16,41350.0,40907.81640625
2023-04-17,42630.0,41146.28515625
2023-04-18,44980.0,42707.98828125
2023-04-19,45490.0,45553.4921875
2023-04-20,43390.0,45783.41015625
2023-04-21,47760.0,42901.25
2023-04-22,46820.0,49763.7734375
2023-04-23,46000.0,46670.48828125
2023-04-24,47970.0,45931.16796875
2023-04-25,44900.0,49143.28515625
2023-04-26,43590.0,43631.94921875
2023-04-27,41620.0,42945.39453125
2023-04-28,38810.0,40541.04296875
2023-04-29,38020.0,37610.24609375
2023-04-30,38240.0,37159.9296875
2023-05-01,36610.0,37518.07421875
2023-05-02,37340.0,36108.4609375
2023-05-03,35400.0,36869.71875
2023-05-04,35560.0,35251.92578125
2023-05-05,35990.0,35194.59765625
2023-05-06,34870.0,35574.66796875
2023-05-07,34050.0,34533.94921875
2023-05-08,35360.0,33631.05859375
2023-05-09,34960.0,34837.58984375
2023-05-10,35240.0,34613.41796875
2023-05-11,35520.0,34927.62109375
2023-05-12,36360.0,35254.69921875
2023-05-13,36440.0,36147.4921875
2023-05-14,36270.0,36303.2734375
2023-05-15,35080.0,36118.25390625
2023-05-16,36320.0,34787.19921875
2023-05-17,36340.0,35979.171875
2023-05-18,36530.0,36014.96484375
2023-05-19,36640.0,36245.90234375
2023-05-20,37720.0,36369.65234375
2023-05-21,37730.0,37568.453125
2023-05-22,40890.0,37602.859375
2023-05-23,43190.0,41310.6796875
2023-05-24,42990.0,43907.2109375
2023-05-25,42930.0,43293.62109375
2023-05-26,42900.0,43156.375
2023-05-27,43270.0,43031.62890625
2023-05-28,42630.0,43443.73046875
2023-05-29,43060.0,42289.796875
2023-05-30,42400.0,42991.39453125
2023-05-31,43870.0,41895.6796875
2023-06-01,41970.0,44140.28125
2023-06-02,42450.0,41266.328125
2023-06-03,43550.0,42384.4296875
2023-06-04,43360.0,43660.11328125
2023-06-05,44210.0,43168.5625
2023-06-06,45060.0,44394.515625
2023-06-07,45030.0,45326.49609375
2023-06-08,44520.0,45083.6328125
2023-06-09,44360.0,44397.5
2023-06-10,44420.0,44313.09765625
2023-06-11,44320.0,44346.96875
2023-06-12,44200.0,44117.5703125
2023-06-13,43090.0,43961.43359375
2023-06-14,43610.0,42486.31640625
2023-06-15,42330.0,43541.15234375
2023-06-16,42530.0,41700.58984375
2023-06-17,42220.0,42298.1484375
2023-06-18,42700.0,41807.15625
2023-06-19,40800.0,42545.04296875
2023-06-20,40650.0,40113.65234375
2023-06-21,40470.0,40300.4140625
2023-06-22,39260.0,40053.5390625
2023-06-23,39280.0,38661.1875
2023-06-24,39560.0,38837.22265625
2023-06-25,40160.0,39156.98046875
2023-06-26,39650.0,39922.96875
2023-06-27,40570.0,39355.03125
2023-06-28,40390.0,40534.1953125
2023-06-29,40450.0,40197.3984375
2023-06-30,41010.0,40305.62109375
2023-07-01,43170.0,40951.75390625
2023-07-02,40650.0,43624.9140625
2023-07-03,39800.0,39999.91796875
2023-07-04,38690.0,39371.609375
2023-07-05,38640.0,38069.69921875
2023-07-06,37550.0,38109.46484375
2023-07-07,36830.0,36834.22265625
2023-07-08,36180.0,36157.87109375
2023-07-09,37350.0,35562.3984375
2023-07-10,37090.0,36878.42578125
2023-07-11,36150.0,36779.48046875
2023-07-12,35130.0,35838.65234375
2023-07-13,35090.0,34752.30859375
2023-07-14,34670.0,34618.375
2023-07-15,34350.0,34182.5859375
2023-07-16,34320.0,33843.6484375
2023-07-17,34590.0,33810.34765625
2023-07-18,34420.0,34131.74609375
2023-07-19,34380.0,34089.875
2023-07-20,34150.0,34074.8359375
2023-07-21,35080.0,33839.46875
2023-07-22,34200.0,34727.61328125
2023-07-23,35230.0,33962.46875
2023-07-24,35160.0,34915.41015625
2023-07-25,35190.0,34906.6484375
2023-07-26,35440.0,34958.78125
2023-07-27,36260.0,35193.03515625
2023-07-28,35960.0,36042.35546875
2023-07-29,35680.0,35763.58203125
2023-07-30,35890.0,35437.87109375
2023-07-31,38420.0,35601.01171875
2023-08-01,38630.0,38352.41015625
2023-08-02,39290.0,38641.99609375
2023-08-03,39650.0,39411.93359375
2023-08-04,42580.0,39726.02734375
2023-08-05,40460.0,43313.07421875
2023-08-06,40090.0,40142.1328125
2023-08-07,41230.0,39884.26953125
2023-08-08,41970.0,41304.51953125
2023-08-09,41910.0,41983.234375
2023-08-10,42370.0,41738.4140625
2023-08-11,41990.0,42342.4765625
2023-08-12,42170.0,41754.140625
2023-08-13,43080.0,42092.8125
2023-08-14,43570.0,43240.19140625
2023-08-15,42260.0,43614.12109375
2023-08-16,42630.0,41740.328125
2023-08-17,42660.0,42589.140625
2023-08-18,44840.0,42484.69140625
2023-08-19,43510.0,45441.84375
2023-08-20,44170.0,43010.8984375
2023-08-21,45130.0,44352.84375
2023-08-22,46710.0,45454.77734375
2023-08-23,45930.0,47412.83984375
2023-08-24,44540.0,45764.41796875
2023-08-25,45820.0,44087.70703125
2023-08-26,45060.0,46417.7109375
2023-08-27,45060.0,44652.29296875
2023-08-28,43260.0,44937.953125
2023-08-29,43060.0,42332.7109375
2023-08-30,41890.0,42692.10546875
2023-08-31,40710.0,41194.42578125
2023-09-01,41290.0,40061.66796875
2023-09-02,40020.0,40906.953125
2023-09-03,39100.0,39372.01171875
2023-09-04,39510.0,38616.80078125
2023-09-05,38240.0,39137.234375
2023-09-06,36550.0,37763.67578125
2023-09-07,37880.0,36021.1484375
2023-09-08,37210.0,37433.38671875
2023-09-09,36580.0,36726.62890625
2023-09-10,36800.0,36158.5234375
2023-09-11,36410.0,36409.3515625
2023-09-12,36280.0,36025.27734375
2023-09-13,35800.0,35912.6328125
2023-09-14,35580.0,35424.05859375
2023-09-15,34380.0,35156.37109375
2023-09-16,34350.0,33928.44140625
2023-09-17,35250.0,33845.56640625
2023-09-18,34400.0,34722.24609375
2023-09-19,33510.0,34036.515625
2023-09-20,33800.0,33175.5
2023-09-21,36730.0,33334.734375
2023-09-22,33190.0,36328.6484375
2023-09-23,32350.0,33230.3359375
2023-09-24,33350.0,32075.9921875
2023-09-25,35680.0,32717.00390625
2023-09-26,36900.0,35148.828125
2023-09-27,36800.0,36803.37890625
2023-09-28,37070.0,36900.75390625
2023-09-29,36500.0,37148.80078125
2023-09-30,37110.0,36450.0625
2023-10-01,36920.0,37019.5390625
2023-10-02,39260.0,36627.04296875
2023-10-03,40740.0,39275.484375
2023-10-04,40050.0,40932.7734375
2023-10-05,39860.0,40043.8671875
2023-10-06,40670.0,39820.375
2023-10-07,40620.0,40757.640625
2023-10-08,41690.0,40482.671875
2023-10-09,43330.0,41789.25
2023-10-10,43930.0,43689.20703125
2023-10-11,44010.0,44129.09765625
2023-10-12,44440.0,44145.00390625
2023-10-13,45390.0,44717.51953125
2023-10-14,45410.0,45876.8046875
2023-10-15,45840.0,45523.234375
2023-10-16,48900.0,46112.82421875
2023-10-17,49610.0,50420.71484375
2023-10-18,51010.0,50132.79296875
2023-10-19,52500.0,52137.890625
2023-10-20,51510.0,53847.41015625
2023-10-21,53570.0,51888.83984375
2023-10-22,54570.0,55648.4453125
2023-10-23,60040.0,55768.36328125
2023-10-24,62840.0,63798.1953125
2023-10-25,64390.0,64629.16796875
2023-10-26,65740.0,66498.21875
2023-10-27,67880.0,68183.6640625
2023-10-28,69030.0,70567.0234375
2023-10-29,69090.0,71145.984375
2023-10-30,74480.0,70682.6015625
2023-10-31,77590.0,77341.53125
2023-11-01,78720.0,79085.890625
2023-11-02,77940.0,80438.0859375
2023-11-03,79200.0,79875.4921875
2023-11-04,79720.0,80871.9609375
2023-11-05,81890.0,80960.9921875
2023-11-06,83790.0,82823.5703125
2023-11-07,82290.0,84434.46875
2023-11-08,82430.0,83736.796875
2023-11-09,81620.0,83746.0
2023-11-10,83330.0,82775.5078125
2023-11-11,82670.0,83999.375
2023-11-12,83600.0,83480.7890625
2023-11-13,83830.0,84396.40625
2023-11-14,84100.0,84667.3828125
2023-11-15,82290.0,85075.3671875
2023-11-16,83710.0,83557.4453125
2023-11-17,84430.0,84436.40625
2023-11-18,85000.0,85001.125
2023-11-19,78630.0,85746.171875
2023-11-20,88820.0,80507.7109375
2023-11-21,91440.0,89331.8046875
2023-11-22,90170.0,90780.3671875
2023-11-23,95180.0,91015.1875
2023-11-24,93900.0,93508.0546875
2023-11-25,83970.0,94412.5234375
2023-11-26,90840.0,89761.921875
2023-11-27,91930.0,89796.1640625
2023-11-28,90390.0,91303.890625
2023-11-29,90080.0,90870.5625
2023-11-30,90850.0,90795.5078125
2023-12-01,90590.0,91153.9609375
2023-12-02,91200.0,91235.4375
2023-12-03,92160.0,91516.9921875
2023-12-04,92870.0,92072.78125
2023-12-05,95090.0,92789.90625
2023-12-06,95270.0,94302.453125
2023-12-07,95860.0,95196.5390625
2023-12-08,95130.0,95566.2265625
2023-12-09,95410.0,95627.5703125
2023-12-10,95370.0,95357.4296875
2023-12-11,94950.0,95400.0
2023-12-12,92890.0,95129.75
2023-12-13,93870.0,94035.625
2023-12-14,92360.0,93662.8203125
2023-12-15,90680.0,93099.296875
2023-12-16,91030.0,91472.0234375
2023-12-17,90190.0,91066.328125
2023-12-18,86810.0,90531.1796875
2023-12-19,82430.0,87818.09375
2023-12-20,81230.0,82559.015625
2023-12-21,81010.0,79868.09375
2023-12-22,80240.0,79757.484375
2023-12-23,79610.0,79636.2421875
2023-12-24,79590.0,79524.2265625
2023-12-25,81260.0,79988.0
2023-12-26,81260.0,82211.3046875
2023-12-27,82110.0,82191.4921875
2023-12-28,80800.0,83247.8125
2023-12-29,82130.0,82002.4453125
2023-12-30,80600.0,83177.2734375
2023-12-31,79900.0,81613.0078125
2024-01-01,80540.0,80756.890625
2024-01-02,78710.0,81056.515625
2024-01-03,81540.0,79168.2890625
2024-01-04,79860.0,82448.2890625
2024-01-05,78280.0,80583.1015625
2024-01-06,76820.0,79177.96875
2024-01-07,76270.0,77005.0
2024-01-08,71290.0,76269.7734375
2024-01-09,66750.0,69526.53125
2024-01-10,66800.0,63816.86328125
2024-01-11,65790.0,65542.421875
2024-01-12,61600.0,64447.765625
2024-01-13,57560.0,59938.1796875
2024-01-14,58660.0,56387.11328125
2024-01-15,54180.0,58537.83203125
2024-01-16,55190.0,52877.34765625
2024-01-17,55310.0,55205.81640625
2024-01-18,53640.0,54635.94921875
2024-01-19,51700.0,53096.5546875
2024-01-20,51460.0,51201.953125
2024-01-21,52520.0,51281.8515625
2024-01-22,50230.0,52570.51171875
2024-01-23,49600.0,49187.40234375
2024-01-24,49220.0,49308.63671875
2024-01-25,47850.0,48762.83984375
2024-01-26,48360.0,47201.7109375
2024-01-27,46710.0,48273.2734375
2024-01-28,48950.0,45851.7734375
2024-01-29,47500.0,49543.41015625
2024-01-30,47500.0,46750.51953125
2024-01-31,47330.0,47538.40625
2024-02-01,48060.0,47149.55859375
2024-02-02,46930.0,48324.41796875
2024-02-03,45600.0,46366.8671875
2024-02-04,46610.0,44965.140625
2024-02-05,46910.0,46830.875
2024-02-06,46760.0,46764.28515625
2024-02-07,45830.0,46575.09375
2024-02-08,45770.0,45358.5078125
2024-02-09,38810.0,45654.62109375
2024-02-10,48800.0,36950.6484375
2024-02-11,49690.0,52429.4765625
2024-02-12,49610.0,49542.65234375
2024-02-13,51250.0,49953.75
2024-02-14,51380.0,52483.25390625
2024-02-15,53930.0,52237.859375
2024-02-16,60110.0,56178.98046875
2024-02-17,63960.0,63704.83984375
2024-02-18,67030.0,65846.2578125
2024-02-19,65790.0,69221.0234375
2024-02-20,66580.0,67910.140625
2024-02-21,69530.0,69347.6015625
2024-02-22,71990.0,72069.03125
2024-02-23,75690.0,73910.578125
2024-02-24,76330.0,77654.109375
2024-02-25,75810.0,77928.4296875
2024-02-26,73950.0,77708.2265625
2024-02-27,73540.0,75342.5546875
2024-02-28,73770.0,74243.2578125
2024-02-29,73740.0,73880.46875
2024-03-01,71970.0,73785.1015625
2024-03-02,72870.0,71519.734375
2024-03-03,72500.0,73559.515625
2024-03-04,71560.0,72654.84375
2024-03-05,70500.0,71769.875
2024-03-06,68570.0,70348.671875
2024-03-07,69570.0,67741.4296875
2024-03-08,69260.0,70081.9140625
2024-03-09,69550.0,69032.1015625
2024-03-10,69570.0,70129.3046875
2024-03-11,69370.0,69983.203125
2024-03-12,68540.0,69914.6484375
2024-03-13,70010.0,68673.2734375
2024-03-14,70680.0,71246.4296875
2024-03-15,67280.0,71393.1640625
2024-03-16,66240.0,66386.7734375
2024-03-17,65050.0,65918.3203125
2024-03-18,59770.0,63989.26171875
2024-03-19,57570.0,56949.296875
2024-03-20,56410.0,56327.0859375
2024-03-21,51830.0,55382.171875
2024-03-22,49470.0,50686.36328125
2024-03-23,48650.0,49070.8359375
2024-03-24,48510.0,48118.81640625
2024-03-25,45370.0,48027.421875
2024-03-26,43700.0,45269.83203125
2024-03-27,44080.0,43683.33984375
2024-03-28,42610.0,43771.75390625
2024-03-29,41700.0,42359.47265625
2024-03-30,40540.0,41451.73046875
2024-03-31,42150.0,40116.3671875
2024-04-01,43190.0,41968.109375
2024-04-02,42620.0,43142.85546875
2024-04-03,42040.0,42486.34375
2024-04-04,43930.0,41830.76171875
2024-04-05,44010.0,44407.05859375
2024-04-06,44510.0,44051.40234375
2024-04-07,49970.0,44703.1953125
2024-04-08,59090.0,52310.7421875
2024-04-09,61050.0,61910.921875
2024-04-10,56510.0,60794.69921875
2024-04-11,51970.0,57441.2109375
2024-04-12,58540.0,52760.16796875
2024-04-13,54390.0,64178.6875
2024-04-14,53180.0,51899.9765625
2024-04-15,49000.0,52014.4765625
2024-04-16,43420.0,45994.3671875
2024-04-17,42470.0,42236.3046875
2024-04-18,41190.0,42185.546875
2024-04-19,40070.0,40662.6953125
2024-04-20,40440.0,39682.98046875
2024-04-21,40780.0,39998.84765625
2024-04-22,43590.0,40679.6953125
2024-04-23,42800.0,43675.42578125
2024-04-24,42170.0,43015.8203125
2024-04-25,40790.0,42223.89453125
2024-04-26,41600.0,40385.17578125
2024-04-27,41520.0,41624.2734375
2024-04-28,42400.0,41192.1015625
2024-04-29,43220.0,42325.0078125
2024-04-30,42900.0,43224.83203125
2024-05-01,42310.0,42732.1875
2024-05-02,41770.0,42119.234375
2024-05-03,41910.0,41490.6328125
2024-05-04,40820.0,41717.828125
2024-05-05,41230.0,40188.640625
2024-05-06,38920.0,40942.63671875
2024-05-07,38230.0,38069.5
2024-05-08,37940.0,37653.80859375
2024-05-09,36310.0,37363.671875
2024-05-10,34850.0,35687.69921875
2024-05-11,35010.0,34248.3671875
2024-05-12,35550.0,34335.1328125
2024-05-13,35010.0,34943.26953125
2024-05-14,34620.0,34608.8046875
2024-05-15,34030.0,34295.19140625
2024-05-16,33600.0,33681.171875
2024-05-17,34990.0,33219.16015625
2024-05-18,34080.0,34509.80859375
2024-05-19,34410.0,33789.0625
2024-05-20,35230.0,34065.19140625
2024-05-21,34710.0,34913.3515625
2024-05-22,34750.0,34522.99609375
2024-05-23,35250.0,34509.94140625
2024-05-24,34770.0,34963.7578125
2024-05-25,34760.0,34496.25390625
2024-05-26,35290.0,34436.62890625
2024-05-27,35840.0,34956.5390625
2024-05-28,35730.0,35555.9296875
2024-05-29,36450.0,35510.734375
2024-05-30,36880.0,36268.73828125
2024-05-31,37620.0,36733.484375
